address,eth,deployed_at,high,all_known
0xdd9fd6b6f8f7ea932997992bbe67eabb3e316f3c,3391.031006783,2018-08-06 13:21:20+00:00,withdraw(),withdraw()
0x4d55f76ce2dbbae7b48661bef9bd144ce0c9091b,2480.192238547,2017-09-05 02:41:14+00:00,withdraw(uint256),withdraw(uint256)
0xecf8f87f810ecf450940c9f60066b4a7a501d6a7,1513.842587499,2016-06-12 06:12:31+00:00,withdraw(uint256),withdraw(uint256)
0x755cdba6ae4f479f7164792b318b2a06c759833b,977.498258383,2016-09-07 18:01:50+00:00,withdraw(),withdraw()
0xab83d96de35bad6f234178fbb6507203488e9626,468.011831222,2018-09-06 08:32:55+00:00,withdraw(),withdraw()
0x4aea7cf559f67cedcad07e12ae6bc00f07e8cf65,221.058365881,2016-08-30 16:52:14+00:00,withdraw(uint256),withdraw(uint256)
0xdd637dda8a1c9b6b1687877615a75da0fe8af5cc,138.261463503,2018-02-16 15:35:03+00:00,withdraw(uint256);withdrawAll(),withdraw(uint256);withdrawAll()
0xc4c51de1abf5d60dbd329ec0f999fd8f021ae9fc,122.072520887,2015-08-12 15:21:01+00:00,withdraw(uint256),withdraw(uint256)
0x05aa2fdf9f58b426b49900834cce0565d88e52eb,120.215216327,2018-08-15 05:18:39+00:00,withdraw(),withdraw()
0x4d1886daf2617cbd9e27abfd0f18a54f04f33c41,107.532795833,2017-10-31 09:48:49+00:00,withdraw(),withdraw()
0xc3c12a9e63e466a3ba99e07f3ef1f38b8b81ae1b,101.280608131,2019-03-12 01:31:13+00:00,withdraw(uint256),withdraw(uint256)
0x48c128eafc3b937fb1f97889ad174ac02b4952cb,98.47882716,2018-02-05 23:28:17+00:00,withdraw(uint256);withdrawAll(),withdraw(uint256);withdrawAll()
0xdc260a232ced6e544909830d7128678466420aff,92.8,2018-01-26 19:18:22+00:00,withdraw(uint256);withdrawAll(),withdraw(uint256);withdrawAll()
0xf058ee35f381a12b3a0f504025419dcaf047ce7f,91.234433426,2018-01-18 21:01:07+00:00,withdraw(),withdraw()
0x47663541167ece0b96d9e5c60f9e470b2a20f598,87.328173919,2018-09-06 11:00:51+00:00,withdraw(),withdraw()
0x4fb7d68e0116f35ade131b6535b2db1027bf7650,84.847134201,2018-08-29 10:44:19+00:00,withdraw(),withdraw()
0x879ae0704944fb78a3a59835caf734b2c104aff2,84.007332004,2018-02-12 18:21:05+00:00,withdraw(uint256);withdrawAll(),withdraw(uint256);withdrawAll()
0xd79b4c6791784184e2755b2fc1659eaab0f80456,83.944570744,2015-08-12 16:14:15+00:00,withdraw(uint256),withdraw(uint256)
0xfd71d62a6dfe8b4e85a81f1d006e955f75aec922,73.178790514,2016-04-08 22:46:20+00:00,claim(),claim()
0x18b59a4d99f7bd96d1ef7a3e597f259ad9563e2d,70.856527199,2018-08-28 14:24:49+00:00,withdraw(),withdraw()
0x86afdaccb07a11e4aa604f3aa0517d6391b23bbc,58.726089483,2018-02-01 03:39:57+00:00,withdraw(uint256);withdrawAll(),withdraw(uint256);withdrawAll()
0x2387a684f010936ce7267b0110c980c867533ff6,55.6486,2017-10-31 13:52:40+00:00,getRefund(),getRefund()
0xed44f3c2081480b08643fe1ca281fab9ed643735,50.00240356,2015-12-20 06:47:05+00:00,withdraw(),withdraw()
0xff2c689cb750f2a7d46e7471521189ced948f965,50.0,2018-02-26 06:00:48+00:00,withdraw(uint256);withdrawAll(),withdraw(uint256);withdrawAll()
0x2cc2720ec4263ca730e6209348673665939c29e2,49.41971939,2017-04-12 08:07:26+00:00,withdrawEther(),kill();withdrawEther()
0x9508008227b6b3391959334604677d60169ef540,43.935,2017-12-19 15:48:07+00:00,withdraw(),withdraw()
0xf8f6e626af09b0455acd9162beb5a484724f25b5,39.20082619,2018-01-03 21:55:23+00:00,withdraw(uint256);withdrawAll(),withdraw(uint256);withdrawAll()
0xf0a924661b0263e5ce12756d07f45b8668c53380,37.508459473,2017-07-24 17:01:44+00:00,withdraw();refund(),withdraw();kill();finalize();refund()
0xd6770aac65a48f5715889a4cdbf30a4faf73a073,36.918817832,2018-05-09 02:43:47+00:00,withdraw(uint256);withdrawAll(),withdraw(uint256);withdrawAll()
0x1d9c44890d7f36eb9771ac4c9cd37eb7d354207f,35.983307352,2018-09-09 06:00:28+00:00,withdraw(uint256),withdraw(uint256)
0x796dbc51b37f2d92b0af1271fd9520c8efd1be61,34.995423626,2018-04-26 04:17:08+00:00,withdraw(uint256);withdrawAll(),withdraw(uint256);withdrawAll()
0x50c19ffdbda85d1a07c09f01e113a94923801d32,34.307,2018-02-28 13:36:51+00:00,withdraw(uint256);withdrawAll(),withdraw(uint256);withdrawAll()
0x489fe6e54db68acfb5f79950174cf8cdb2b78842,34.118828006,2018-02-20 00:44:32+00:00,withdraw(uint256);withdrawAll(),withdraw(uint256);withdrawAll()
0x102011cb0f7109e98a4e98dfbacd792bfb343e14,32.145341304,2017-10-06 00:26:01+00:00,release(),release();drain()
0x6f40d96713b60d5083bc2493251907ca673de1b8,27.724550896,2018-02-08 14:56:39+00:00,withdraw(uint256);withdrawAll(),withdraw(uint256);withdrawAll()
0x6a13cbb3a3ecd7e8d74636f79c4a09acb1f85606,25.0,2018-06-08 00:30:31+00:00,claimTokens(),claimTokens()
0x1ad8b48c4ebe5a6c1573fd6f3b8222704f848f2b,24.95,2019-10-21 02:56:46+00:00,withdrawEther(),kill();withdrawEther()
0x29a6396b517fa62ca0eb72a886ac75d4b5a5f428,20.9,2018-01-14 11:57:35+00:00,withdraw(uint256);withdrawAll(),withdraw(uint256);withdrawAll()
0x8c0abc25baa0f3bb34090dae8cc8a04e8c32269b,20.340253127,2019-01-23 11:58:40+00:00,withdraw(),withdraw();kill()
0x61d64c69ee2b74d2f5739cbedee416ab6363804d,20.0,2018-05-09 20:18:45+00:00,withdraw(uint256);withdrawAll(),withdraw(uint256);withdrawAll()
0xccefbf06e69039df9632ea8b5484a8890d46bbbc,19.535138853,2018-04-27 01:37:33+00:00,withdraw(uint256);withdrawAll(),withdraw(uint256);withdrawAll()
0xf652d990e50af27d8d423ac80631b4f5ef6d4113,19.330982009,2018-03-14 10:23:02+00:00,ownerWithdraw(),ownerWithdraw()
0x3bc4f2dbd004ca363e5506c80d586dc3933d780a,19.224462,2018-06-10 14:39:51+00:00,withdraw(uint256);withdrawAll(),withdraw(uint256);withdrawAll()
0xd838f9c9792bf8398e1f5fbfbd3b43c5a86445aa,19.0950266,2016-04-21 07:57:31+00:00,refund(),refund()
0x887910314a3bfbe7b6ea0c5fbf3b9fd2fcac89d1,18.6396,2018-07-04 16:40:45+00:00,withdraw(uint256);withdrawAll(),withdraw(uint256);withdrawAll()
0xaa1197f77a52d35dd454924f0d663870bb083c71,18.33340547,2018-05-11 12:51:16+00:00,withdraw(uint256);withdrawAll(),withdraw(uint256);withdrawAll()
0x5087fecec9b7386d1f2417fd779e1fd9bf509466,17.0,2017-08-31 22:14:34+00:00,withdraw();refund(),withdraw();refund()
0xc6b330df38d6ef288c953f1f2835723531073ce2,16.836616675,2016-07-08 17:25:31+00:00,withdraw(uint256),withdraw(uint256)
0x2711847ffe2a0dd128197c3a6fe193fad1995ef3,16.68338495,2018-09-19 02:59:13+00:00,withdraw(),withdraw()
0x51bb7afb900f6676878a1e49966fcee29d4e449c,16.424776819,2018-10-25 14:02:47+00:00,withdraw(),withdraw()
0x0393aeb475e784785378eb1389de95fa2949a828,16.367732,2018-02-12 11:23:15+00:00,withdraw(uint256);withdrawAll(),withdraw(uint256);withdrawAll()
0x5a5eff38da95b0d58b6c616f2699168b480953c9,16.1958786,2016-06-23 13:53:26+00:00,withdraw(uint256),withdraw(uint256)
0xc728a64af23f8e14edf7aa138c8650b3c6d31d57,16.0,2018-02-16 21:45:37+00:00,withdraw(uint256);withdrawAll(),withdraw(uint256);withdrawAll()
0x205718799d502fe2c45d3afc91c3c8ccb5c0836f,15.81745577,2018-08-13 09:39:58+00:00,withdraw(),withdraw()
0xe9bb610e707a631e3460a9830821d3970a378166,15.78996835,2018-02-06 04:29:12+00:00,withdraw(uint256);withdrawAll(),withdraw(uint256);withdrawAll()
0x8f1bd425c64725013ebc98efc246c8f60da8812d,15.152996748,2018-07-27 15:52:56+00:00,withdraw(uint256);withdrawAll(),withdraw(uint256);withdrawAll()
0xa9388c84fe2ed0c13b219c6c0c5edbd3341f1d14,14.605548434,2018-05-25 01:13:21+00:00,withdraw(uint256);withdrawAll(),withdraw(uint256);withdrawAll()
0x3e2d7bf7f7b883e0ef771821d0b421529c5e97ff,14.270814399,2018-05-23 08:45:17+00:00,withdraw(),withdraw()
0x6e2e5b0bad80eac708fefe902a7e6917b95d7d2a,14.222673419,2018-03-31 14:52:45+00:00,withdraw(uint256);withdrawAll(),withdraw(uint256);withdrawAll()
0xfdc77b9cb732eb8c896b152e28294521f5f62e67,14.148739496,2016-05-11 18:37:42+00:00,unlock(),unlock()
0xde527099f9ecf94a67bc94c676694453f6bda781,14.132357089,2018-08-24 09:09:02+00:00,withdraw(),withdraw()
0xa620240a87ab21c9eb5cd5265e3e6c7de8103dae,13.749,2018-08-15 07:22:59+00:00,withdraw(uint256),withdraw(uint256)
0x6d0f7d4a214bf9a9f59dd946b0211b45f6661dd4,13.650357,2018-02-12 20:11:56+00:00,withdraw(uint256),withdraw(uint256)
0x5e96db84a4babf5958db3e1cf130d996947b1702,13.465203684,2018-08-15 05:13:25+00:00,withdraw(uint256),withdraw(uint256)
0x937478e73bf6547843af57564d7265306af024aa,13.45,2018-06-26 21:58:22+00:00,withdraw(uint256);withdrawAll(),withdraw(uint256);withdrawAll()
0x6ee4bc4cbc09346e718fad1933f9ca32543ddc93,13.315761,2018-02-27 03:23:58+00:00,withdraw(uint256),withdraw(uint256)
0xcd20d021314763af9740d810c7ea0ffb0ebda294,13.1615,2018-02-25 00:04:43+00:00,withdraw(uint256);withdrawAll(),withdraw(uint256);withdrawAll()
0x6421a5de0385e184ecc7200830246957cb3c5b90,13.0569,2017-06-25 14:33:48+00:00,withdraw(uint256),withdraw(uint256)
0x253c585bad5fcf7b2b15e3947410d14bbbd0f83e,12.9,2018-08-11 16:31:03+00:00,withdraw(uint256);withdrawAll(),withdraw(uint256);withdrawAll()
0xd5fd90879865a28d95a281ea4d6c37b71e27b112,12.874772764,2016-09-07 16:18:59+00:00,withdraw(),withdraw()
0xb0813fadbb418503fe6b23f410cf27572e74948b,12.500061121,2018-06-19 02:52:17+00:00,withdraw(uint256);withdrawAll(),withdraw(uint256);withdrawAll()
0xbf8346c772be2c157e79da790e916313f07283b2,12.5,2018-03-05 16:14:36+00:00,withdraw(uint256);withdrawAll(),withdraw(uint256);withdrawAll()
0x90f4f5579dd26737af96619b0f86d85fd496c691,12.499987175,2018-05-01 15:43:51+00:00,withdraw(uint256);withdrawAll(),withdraw(uint256);withdrawAll()
0xf75197c722bc6d04b5aef94ac6b5d9825180b17f,12.410000845,2018-04-30 03:01:25+00:00,withdraw(uint256);withdrawAll(),withdraw(uint256);withdrawAll()
0x5b4d6f1f5aa992d8e83ddce2e0c433510111e9f7,12.1445754,2018-05-04 13:53:10+00:00,claimTokens(),claimTokens()
0x12b0621d90c69867957a836d677c64c46ec4291d,12.00009785,2016-06-27 14:19:01+00:00,withdraw(uint256),withdraw(uint256)
0x3cccd406279a96752ce6ab446b35f9183d1bff38,11.691054786,2018-04-14 08:52:50+00:00,withdraw(uint256);withdrawAll(),withdraw(uint256);withdrawAll()
0xe18c6b3e94befbe875bc69560961e84216696c54,11.4702,2018-05-19 07:02:38+00:00,withdraw(uint256);withdrawAll(),withdraw(uint256);withdrawAll()
0xe3dcd7e0e9cdd6caa6648478b54317fad6075d9b,11.15,2018-05-03 22:43:26+00:00,withdraw(uint256);withdrawAll(),withdraw(uint256);withdrawAll()
0xad2406ae4eadca4176c8d72a5bc6c70351b741a2,11.0,2018-08-26 21:30:18+00:00,withdraw(uint256);withdrawAll(),withdraw(uint256);withdrawAll()
0x76a19d017768bd2116cbac3ab33af0afe81d18c9,11.0,2018-01-25 03:56:27+00:00,withdraw(uint256);withdrawAll(),withdraw(uint256);withdrawAll()
0x3c963c17e9168df1680af1a1fdab473192bf026f,10.964992942,2018-11-24 15:31:08+00:00,withdraw(),withdraw()
0xbfc08ac08fb775af82b74e053fc16f0a710841d6,10.8,2018-05-29 15:57:25+00:00,withdraw(uint256),withdraw(uint256)
0x734c6011bd93bb91fba4896bf669def57a97f063,10.764104453,2018-02-06 03:56:07+00:00,withdraw(uint256);withdrawAll(),withdraw(uint256);withdrawAll()
0x1266023ebcb1c4cb8713614d805bb0fbae4bd8ef,10.667005402,2018-01-28 00:33:09+00:00,withdraw(uint256);withdrawAll(),withdraw(uint256);withdrawAll()
0xab9636e8e90899c382f4659cac09aea2a0794c17,10.635990479,2018-10-22 02:10:34+00:00,withdrawAll(),withdrawAll()
0xa8d78620f0ed304f1190421aa2d64c66d7b656b0,10.557120485,2018-05-23 11:03:03+00:00,withdraw(),withdraw()
0x4402a121fbf29ca41ee7a8884082b8e7054c9bce,10.508751723,2018-05-11 14:00:03+00:00,withdraw(uint256);withdrawAll(),withdraw(uint256);withdrawAll()
0x05f6ae6503041eb558364b3ea336de8dd794a852,10.430953253,2018-07-28 13:19:28+00:00,withdraw(uint256);withdrawAll(),withdraw(uint256);withdrawAll()
0x2faa316fc4624ec39adc2ef7b5301124cfb68777,10.213,2015-12-07 15:19:35+00:00,withdraw(uint256),withdraw(uint256)
0x32c904f48ed80b6bfdbafb86fa0dba3a9cf5ee56,10.063458594,2018-05-23 12:45:02+00:00,withdraw(uint256);withdrawAll(),withdraw(uint256);withdrawAll()
0x4e7327c05c312d2a37ee6d3e377329cef617b19e,10.051282,2017-04-18 10:47:36+00:00,withdrawEther(),kill();withdrawEther()
0xb21a771f3a9513c8556b20566c7ae82c84ab0afe,9.628742,2018-05-01 20:15:34+00:00,withdraw(uint256);withdrawAll(),withdraw(uint256);withdrawAll()
0x3228dbcd2203592c1c0c9597acc788ec918b7806,9.546258141,2018-09-30 13:00:09+00:00,withdraw(),withdraw()
0x34d77a17038491a2a9eaa6e690b7c7cd39fc8392,9.284,2019-02-12 21:57:28+00:00,withdraw(),withdraw()
0xf8a33a24907747ef3f875673b7040a1206f81631,8.92953,2018-06-11 14:54:13+00:00,withdraw(uint256);withdrawAll(),withdraw(uint256);withdrawAll()
0x196a66a53435ed142f6ba861db69fcd72bde09bf,8.808292,2018-05-09 18:09:18+00:00,withdraw(uint256);withdrawAll(),withdraw(uint256);withdrawAll()
0xe8633a47f4d1cfdd3da15441064ce8f8f42c1369,8.791539024,2018-08-12 08:57:54+00:00,withdraw(),withdraw()
0x59e5901a5a49e65032468c898ea755dc3aae6697,8.6625,2018-03-12 01:08:09+00:00,withdraw(uint256);withdrawAll(),withdraw(uint256);withdrawAll()
0x5e722bc86bff7a40d6a94144bb86e41b9c9d8437,8.376414352,2018-03-12 15:10:29+00:00,withdraw(uint256);withdrawAll(),withdraw(uint256);withdrawAll()
0x119409114e96ce6bea5bde7076418fc152065857,8.27763114,2018-02-22 11:18:16+00:00,withdraw(uint256);withdrawAll(),withdraw(uint256);withdrawAll()
0x58e582ba6be4858e5e38d86af725b3a1b2d5c696,8.05,2018-05-13 08:40:50+00:00,withdraw(uint256);withdrawAll(),withdraw(uint256);withdrawAll()
0x36a97ef8d41ab01854fe25a05959b70d8b8da83d,7.7877,2018-03-20 07:23:02+00:00,withdraw(uint256);withdrawAll(),withdraw(uint256);withdrawAll()
0xed745a8d2b52316c164f41b01544d12aedac5e48,7.65,2018-04-28 20:25:19+00:00,withdraw(uint256);withdrawAll(),withdraw(uint256);withdrawAll()
0x007c43e00d2c077267ed78741629698a8aa2bca7,7.642630342,2018-07-08 19:49:13+00:00,withdraw(uint256);withdrawAll(),withdraw(uint256);withdrawAll()
0x238d64f3adea723d13fb61c4199930875f969c0a,7.526498123,2018-05-23 11:41:30+00:00,withdraw(uint256);withdrawAll(),withdraw(uint256);withdrawAll()
0x4b3a87d027bfc7fd3226ab221faa85bf81eed49c,7.416008709,2018-02-24 09:37:36+00:00,withdraw(uint256);withdrawAll(),withdraw(uint256);withdrawAll()
0x8768551d4dfc099577c6871e424b0d771c7b2328,7.403424166,2018-06-16 05:03:26+00:00,withdraw(uint256);withdrawAll(),withdraw(uint256);withdrawAll()
0xd6d8e4dfa0dfce0e821772624ff1148a8dd2f1dc,7.244998491,2018-04-02 15:38:50+00:00,withdraw(uint256);withdrawAll(),withdraw(uint256);withdrawAll()
0x67b084e4654e1d62afa9694b6a626cec5c9ff2bd,7.140143989,2018-07-31 21:55:30+00:00,withdraw(uint256),withdraw(uint256)
0x0fc53f7c2659a708f46d0c4336eb8c1e0f551307,7.125503468,2018-08-14 03:51:51+00:00,withdraw(),withdraw()
0xf5ad74c2a4deeeffd1e5e27d1221a4ca33214277,7.032628676,2018-08-14 03:00:21+00:00,withdraw(),withdraw()
0x1d42a7bc62c4b377105e0de6707a77fcfc71957f,7.025436654,2018-11-12 03:38:10+00:00,withdraw(),withdraw()
0xc5138d4bd0ec5c51b6b6bdfcb8528ad9c333af97,6.916334496,2018-09-16 06:53:23+00:00,withdraw(uint256),withdraw(uint256)
0x0a22ff6e84e5a73103920d71e36b3294b785a853,6.89316174,2018-07-17 19:56:07+00:00,withdraw(uint256);withdrawAll(),withdraw(uint256);withdrawAll()
0x9fcf6f74f8ab9094a07c39afa22d8c644373d74a,6.89,2018-01-31 22:34:16+00:00,withdraw(uint256);withdrawAll(),withdraw(uint256);withdrawAll()
0xdb461b256d878c77f1083b8adc2ae39e64bc37d8,6.75,2018-02-11 05:25:00+00:00,withdraw(uint256);withdrawAll(),withdraw(uint256);withdrawAll()
0x5dc18b6cbe4a13d3aafdcac2f2cf202218d97b90,6.6348,2019-03-22 08:23:16+00:00,withdraw(uint256),withdraw(uint256)
0xe7600e05897e1d4b41693ce08d55bd2d17557063,6.5618046,2018-07-06 19:48:12+00:00,withdraw(uint256);withdrawAll(),withdraw(uint256);withdrawAll()
0x1636878631f3262867e59bf4147bd659481c6924,6.5,2018-05-01 20:04:41+00:00,withdraw(uint256);withdrawAll(),withdraw(uint256);withdrawAll()
0x3da70c70b9574ff185b31d70878a8e3094603c4c,6.450809094,2018-10-31 14:36:34+00:00,withdraw(uint256),withdraw(uint256)
0xa1f3d57d51a1bd3c49d87cc7ed3ddf5b3725ab73,6.442546522,2017-08-05 00:23:03+00:00,refund(),finalize();refund()
0xbff6f0cfb7684f2dddd136a24095cf308334c4a9,6.416943721,2018-08-21 19:02:46+00:00,withdraw();claim(),withdraw();claim()
0xa0e8bf2b304a9761cbbf82369182f748cbeae6b5,6.321,2018-05-16 11:42:27+00:00,withdraw(uint256),withdraw(uint256)
0x3e9728d0adfb4a13dcede8c89a83c06f90223850,6.32,2018-05-31 11:15:49+00:00,withdraw(uint256);withdrawAll(),withdraw(uint256);withdrawAll()
0x4db13686f75be16abb7d1a99b0a9ca9a281ee42c,83.734528018,2017-08-07 19:13:22+00:00,,kill();collect()
0xc0099b50ab615412a90970f1d55a31b9853aad6f,75.6,2017-08-19 17:50:30+00:00,,kill();collect()
0x6baec8a087c9c140759be6c745ce16cd7bb2fd76,69.532,2017-08-07 19:56:24+00:00,,kill();collect()
0x192e16ba79baa5a043a301c6b22174f6049202c6,65.275,2016-03-14 21:33:54+00:00,,kill()
0x96e423291765c60e0fbc2cfb2bc538fb6ccdadd9,50.459702035,2016-10-25 12:57:43+00:00,,kill()
0x032c3617cf609f90a4a824c2aac25a228a966d33,43.450000016,2017-08-07 22:48:28+00:00,,kill();collect()
0x9bcccfe019c78cf85a44044d7ae718e5ef8c419b,43.342,2017-08-07 20:06:21+00:00,,kill();collect()
0x698b7b96885ebbdced61d39a869a22e3dac8dc02,29.492097491,2017-08-07 23:32:10+00:00,,kill();collect()
0xea8bd3a7e1ea3f7118bde9a357e0fbb4b229584a,25.91841542,2017-04-21 23:56:28+00:00,,kill();collect()
0xf128d3173a194bda5df4c411f8333d2045a29480,18.93598,2017-07-25 21:59:05+00:00,,kill();collect()
0xf9837167c3b465d2b041748dca0a81f13f18ba3f,18.289779114,2017-08-07 20:49:27+00:00,,kill();collect()
0x2cac6e4b11d6b58f6d3c1c9d5fe8faa89f60e5a2,18.165856734,2016-05-05 04:14:37+00:00,,kill()
0x30b6a0a316f19f746ab23c983e9db044494b0685,17.990000008,2017-08-07 23:54:48+00:00,,kill();collect()
0x79f2b7994f3e9ad7b475e955592c7349e17c9254,17.880848106,2017-07-25 22:13:09+00:00,,kill();collect()
0xb233cb2f0dce57a56bf732767f45ffc8650186c5,17.317860957,2016-06-30 13:01:59+00:00,,kill()
0x5597c9495f0df2d34ce175c448bc0e2a6bc86739,16.641000008,2017-08-07 22:19:23+00:00,,kill();collect()
0xda0e8afa6b84b8e609430a384f31ed3c51ae0a69,16.48831059,2017-08-07 20:33:40+00:00,,kill();collect()
0x17f8f33e33a65346916a816177ce7dac2fb68d35,16.42548762,2017-03-22 12:11:59+00:00,,kill();collect()
0x2ed0cb0c5bca8581b5ce01a1622cf4d3f3997863,16.1938,2017-08-18 07:39:19+00:00,,kill();collect()
0x4d75e359f66a79ce486d26398cd7d9409deb03c6,15.990000008,2017-08-07 19:28:13+00:00,,kill();collect()
0x366c39b77ae23becae87ee23fdacbe77ccb26f48,15.178831418,2017-08-08 00:37:32+00:00,,kill();collect()
0x2fadd417e12a6bd71052ac095ae76f74433d44ab,13.244004981,2017-07-25 21:22:26+00:00,,kill();collect()
0x3457edb7f4790ae5fd59de271b58001c73dfc006,12.667565742,2017-07-25 01:25:48+00:00,,kill()
0x520403af9b53b14a4cdf3c8ae3cb3cd3c883b9b5,12.167000008,2017-08-07 20:23:39+00:00,,kill();collect()
0x0ae93d83c2e6ff3e6af4537c7b6f7ff394144793,10.868115629,2017-08-18 07:39:19+00:00,,kill();collect()
0x0f80506e9ccda50b142916342f062d4de9cd7cbd,10.53881577,2017-08-07 19:49:02+00:00,,kill();collect()
0x51bb43a1cdef43f24c44ccc368a4ac228aec0c11,10.52087418,2017-08-07 20:31:02+00:00,,kill();collect()
0x6c88981227e4c2ad63886cf8eac9144729b4c2f4,10.444461855,2017-08-18 08:23:49+00:00,,kill();collect()
0xcc4fc5021b571a03844de6f598d147993ff1b3e3,10.28406101,2017-08-07 21:19:31+00:00,,kill();collect()
0x3aa6d8a9039f10e94116149ee6a4d0759ac81b36,10.147260203,2017-08-07 19:28:10+00:00,,kill();collect()
0xc1950f7049f576ef6966dcad20d7d3bd82c49326,10.022066072,2017-05-02 02:51:55+00:00,,kill();collect()
0xd949ecd0f8980863150e681447f8c8167d90cf4e,10.0,2017-08-19 18:25:30+00:00,,kill();collect()
0x63d62340aeaadb85abd1abbd7bf1f2cfb0e34d4d,10.0,2017-07-18 17:25:35+00:00,,kill();collect()
0x3e52fc0781c072e4cd67992a5edddd530b07338d,10.0,2017-08-07 19:20:06+00:00,,kill();collect()
0xdbfd5808090222aae744204ac084278bf79e0f48,10.0,2017-08-08 00:20:58+00:00,,kill();collect()
0xf91424e04e4585c2794f7305fb326070cea8b702,10.0,2017-08-18 08:22:07+00:00,,kill();collect()
0x175b7be1e090b7b5e7d9ef9384c94742035e7d9c,10.0,2017-08-07 21:18:48+00:00,,kill();collect()
0xa374061b235b59f029a495f5905fce98bec41f9e,10.0,2017-08-18 08:00:48+00:00,,kill();collect()
0xd0917acf1977b658f3e82d05377be8c04fa1d4d8,10.0,2017-08-18 07:52:41+00:00,,kill();collect()
0x3bacf1a4e2942188ebe54745705462899f8af13b,10.0,2017-08-07 20:13:13+00:00,,kill();collect()
0xa215d2650d4e1e787ee1fbea0ed14875846ad610,10.0,2017-08-18 07:56:33+00:00,,kill();collect()
0x2fec6d47f1320ffab0f1c9e1e2e729447cdda203,10.0,2017-08-07 23:52:30+00:00,,kill();collect()
0xaacf7413a9a94d6539640ededaca8d0346d7a59e,10.0,2017-07-25 21:41:52+00:00,,kill();collect()
0x8ac27e2cb246830a4ff6f335cd2c0a7ec98dc09f,10.0,2017-08-07 19:18:37+00:00,,kill();collect()
0x6bce63f8286ff3918af758c013047ab88ef23a2a,10.0,2017-07-25 21:46:08+00:00,,kill();collect()
0x042282be20a25ea1d47e16d5b9d1c13607578690,10.0,2017-08-18 08:50:33+00:00,,kill();collect()
0x35142b6ec3677155f5f53f541680def1748f4fba,9.999,2017-08-07 19:13:22+00:00,,kill();collect()
0x5d497107f12683f2781b4edd7638435c21e51c10,9.9977,2017-08-07 20:15:31+00:00,,kill();collect()
0xc3496a400ba9743aff58e4acc5761cd47021daa7,9.9902,2017-08-08 00:38:01+00:00,,kill();collect()
0xc6c66fe1ec451611c021316a45be9d4967700104,9.99,2017-08-18 08:30:40+00:00,,kill();collect()
0x1e528a025831b3a58d412de5ac9d0def89022b6b,9.99,2017-08-18 08:14:13+00:00,,kill();collect()
0xcf9975741e81f96cfd924dfdf79eef157bc023f9,9.99,2017-08-07 22:49:16+00:00,,kill();collect()
0x7346e2a07688bff37a47cf79d99ac865c453a9ac,9.985,2017-08-07 19:28:10+00:00,,kill();collect()
0xb158abe17dd11593b62a2eb48cd10cf547cea5ba,9.9809,2017-08-07 20:57:44+00:00,,kill();collect()
0x70789691f2bd45585a4593d2800b8d5597c9574d,9.98,2017-08-19 18:01:49+00:00,,kill();collect()
0x97c7f2d30a7590c4c9dbcb04bacaa7b257e29ac9,9.976,2017-08-18 07:47:44+00:00,,kill();collect()
0xa6ea4c2df9b25f86406bba16f6765aa12ef43f59,9.97,2017-08-18 07:56:33+00:00,,kill();collect()
0x9ac1f447385f0b8a454f8440c4283b816cca7f97,9.9648284,2017-08-07 21:26:28+00:00,,kill();collect()
0xb14f5cae94339c90ca5819fddd5cba2bd56566d9,9.96,2017-08-07 20:03:48+00:00,,kill();collect()
0xdacba2dca9fc0595189669382d9c640c9b6984db,9.96,2017-08-18 08:32:32+00:00,,kill();collect()
0x6cd125d42363c495ec243dba86693b510d081f41,9.954597749,2017-08-07 20:23:18+00:00,,kill();collect()
0xb7626a304cfaab7aa3756de9cfc86be738c1c274,9.95006,2017-07-25 21:44:58+00:00,,kill();collect()
0x103c8437b3d56ffd8445ad83ab3b4211e92ebae7,9.948385197,2017-08-19 17:43:35+00:00,,kill();collect()
0x003c93e8ec5a1e2f5baaf61be50ea1c29b254a27,9.939,2017-08-19 18:33:29+00:00,,kill();collect()
0x5fe1c521c387e602371d1d966d6716d305e287c0,9.9052,2017-08-07 20:31:17+00:00,,kill();collect()
0xb6af0b9439631cfa139fc3c00db17f4485034b3a,9.90517,2017-08-18 08:30:40+00:00,,kill();collect()
0xce93c32d7f11de163a95a466da9a1983c89f2938,9.896744676,2017-08-18 07:35:34+00:00,,kill();collect()
0xd8a78cfa0ce29e1f00c8d3dcbc1ce52320166901,9.874,2017-08-18 07:35:34+00:00,,kill();collect()
0x88fbc9fca7795b7f77bdfdb5ff4c60332e6643c5,9.867000008,2017-08-18 07:46:55+00:00,,kill();collect()
0xe212114b8108119df16084af69e384070dae51cf,9.861446,2017-08-18 08:50:33+00:00,,kill();collect()
0x9c4e2cc039ff6290ae81cd53182aa99b3cb8ecad,9.85,2017-08-07 23:48:06+00:00,,kill();collect()
0x13600ef4292d0d44b70ee5c4d1b887520fa9e4cb,9.818249348,2017-08-07 22:25:42+00:00,,kill();collect()
0x13330a64d456b1a8df33df8c298c85044c698e72,9.781754091,2017-08-19 17:57:33+00:00,,kill();collect()
0x90a4074e54617367683c186051415688a10e0370,9.742287415,2017-08-08 00:12:51+00:00,,kill();collect()
0x14143ea113e7811b726f4d40da2a033aa733cf12,9.710427799,2017-08-07 20:24:04+00:00,,kill();collect()
0x9cbdcab11a182b41ad0ac975d9aa2a1faf0a53b2,9.6606047,2017-08-18 07:50:27+00:00,,kill();collect()
0x20465dd8b9168efe34e635150b9489ffe0cd5ba7,9.6545522,2017-08-07 22:13:48+00:00,,kill();collect()
0x91a01bc01517848b23f509fc44383331a4878713,9.625,2017-08-18 08:06:59+00:00,,kill();collect()
0xe285a24353c85362a32634adf1095d2633bd1041,9.55,2017-08-07 20:09:57+00:00,,kill();collect()
0x638886c0ce192110c6b419c3fcbe6af7aecf9cf8,9.5402,2017-08-07 19:38:19+00:00,,kill();collect()
0xe18231ea621e7864ff941eacc0d7e3b04d9fe779,9.536,2017-08-07 20:00:36+00:00,,kill();collect()
0xbdc0b94a3b4f3328b7aa2d96011f088742f8452a,9.53,2017-08-19 18:33:04+00:00,,kill();collect()
0x8aa0d4dbb09f275dd2787d4a66fdd5d4de7463c1,9.51674129,2017-07-25 21:22:08+00:00,,kill();collect()
0x89a7bb3fb47c75cb10782c7a95c007c4f56337b2,9.507914129,2017-08-07 23:22:32+00:00,,kill();collect()
0xbfd32a7267fe3e8e767a1074d0494bb20c99ccef,9.4776,2017-07-25 22:05:57+00:00,,kill();collect()
0x6748f602b248e26e062f613d7ec24accea31cf44,9.4734162,2017-08-07 21:00:27+00:00,,kill();collect()
0x2a0445becf9f9f27143be0f7b9916a55951cc5af,9.467623632,2017-08-18 07:57:45+00:00,,kill();collect()
0x56057a98d1bca6109489e8728e6ed6b32d65b02d,9.459,2017-08-07 21:06:38+00:00,,kill();collect()
0x5d4096955ec88f1edd7eabf7012fc372e9f70c22,9.439541,2017-08-07 22:41:35+00:00,,kill();collect()
0xde0bb7d4e8629518956e599fb3ec4bb6934098b0,9.436,2017-08-07 22:15:20+00:00,,kill();collect()
0xf612f389d4f267026b786e373382f6ead43ed23c,9.4262519,2017-08-07 23:12:40+00:00,,kill();collect()
0x782581f328cde43dc713131d532c6de59227ec85,9.408153142,2017-08-07 20:53:05+00:00,,kill();collect()
0x247db2270f1d5f47dcebabd690839fd506218cd0,9.397622558,2017-08-07 20:29:46+00:00,,kill();collect()
0xf02765952b9a9bc0a4fcfdba7fbdbc9940da3f83,9.39,2017-08-18 08:14:13+00:00,,kill();collect()
0x37c0e815cdf761ea66e3bffbae51bc87237a5c42,9.342647048,2017-08-07 20:57:58+00:00,,kill();collect()
0x4c9a40a892ad00165d746cf591ffcb37d50d6b57,9.3126,2017-08-18 08:43:51+00:00,,kill();collect()
0xaac6cca7a2da37c2160e39baa7c5cb785481c878,9.3066,2017-08-07 23:12:34+00:00,,kill();collect()
0x66bdb63ab4e671b99cdc3fd1b0576ad843f30739,9.2606345,2017-08-07 19:59:15+00:00,,kill();collect()
0x19de1ef4a3dff8ae4d199bd7b180143ad06b4e37,9.2276,2017-08-07 23:24:10+00:00,,kill();collect()
0xf86af5200e59c1e93290061d1dd6d319cf514671,9.1619,2017-08-19 18:16:36+00:00,,kill();collect()
0xa56c55b97fe374100eeb0b06c2c8ffe0a20e4ca1,9.144167019,2017-08-07 22:21:12+00:00,,kill();collect()
0x73f7c41dd2ebd45ea4895c282c405b1fd9e7bc74,9.05,2017-08-18 08:05:54+00:00,,kill();collect()
0x89dcc7861e6dfc5137f6702980400025b0b41786,9.04,2017-08-08 00:03:32+00:00,,kill();collect()
0xbece508b845f8a562851917f72c976890c2b91f5,9.03797488,2017-08-19 17:44:27+00:00,,kill();collect()
0x751650f735bd79d5d32a146f4f14bee7c8bb46e7,9.030924822,2017-07-25 21:29:03+00:00,,kill();collect()
0x3f7f173330eea90c3a4c2be557b966a6b65e256e,9.018594323,2017-08-07 23:11:19+00:00,,kill();collect()
0x227cfce5d52f0af38c47329302d011236467208e,9.000000008,2017-07-25 22:23:23+00:00,,kill();collect()
0x058e120952c3c1a979a70d319a0f59668273c4de,9.0,2017-08-07 20:13:13+00:00,,kill();collect()
0x26c24bcaae47acb500f9db8f778cb5d4f872039d,8.999067977,2017-07-25 22:12:24+00:00,,kill();collect()
0x69ba5e11eafae3ffc49753e40ba7814cdcbff69f,8.998742272,2017-08-07 20:17:16+00:00,,kill();collect()
0x4585384f7a593f12a54b859625f43ade679f52e2,8.9982735,2017-08-18 07:49:01+00:00,,kill();collect()
0xe2f935006e46ff5a5ed41f44ab236575197ee3ee,8.99,2017-08-08 00:26:14+00:00,,kill();collect()
0x09a6bb3d8683268bcf957c0de4da2288b6088bd8,8.96,2017-07-25 21:22:08+00:00,,kill();collect()
0xe9e19a6b8d3bdf4c7421b3c9f846058e2730852e,8.953197,2017-08-07 20:02:49+00:00,,kill();collect()
0xf8272c7249fa80c51a8b4b1c667ef34f44180d43,8.91,2017-08-07 22:36:20+00:00,,kill();collect()
0x91e0cbe9ac52f35aba53d7eab817c934f5bb39ad,8.87254699,2017-08-07 20:20:58+00:00,,kill();collect()
0xe86b75278476ec386a88133d483d77bd9d76fc83,8.846,2017-08-19 18:28:12+00:00,,kill();collect()
0x19a52104b47bf583ee64160c0a9f816fbf33079b,8.841100008,2017-08-07 19:10:59+00:00,,kill();collect()
0x57fb96ffb50d108ca25e18e3dd886845d5401c6a,8.831206603,2017-08-07 23:57:10+00:00,,kill();collect()
0x8016c6a772c85c8fe6c4082eff4260e86b9ed401,8.82,2017-08-18 08:14:39+00:00,,kill();collect()
0x114a74d3662019169539bc83566c807481e9457d,8.80339481,2017-08-07 21:18:48+00:00,,kill();collect()
0x4ac2c0fc6f5cafc325a83a5c603499c42d77e186,8.8,2017-08-07 20:17:16+00:00,,kill();collect()
0xc5407c686862d6b2e0301ad1513365d96ff50c7d,8.73,2017-08-07 21:26:28+00:00,,kill();collect()
0x93492d5fcbfef3574c9abf45bad721b66ce05798,8.680233788,2017-07-25 22:02:46+00:00,,kill();collect()
0x974a286c474409734bafc052e3494291c131a3b8,8.6517,2017-08-07 19:10:59+00:00,,kill();collect()
0x932918a137c8b4d97770e71fcacc03a57f32123e,8.635,2017-08-08 00:18:32+00:00,,kill();collect()
0xd6aba5b52d65c0ca0a21331a7669a94c505da50c,8.61,2017-07-25 22:05:17+00:00,,kill();collect()
0x1c6fcd546f9d21b1bc404f1f25eb248d37123399,8.6,2017-08-08 00:29:56+00:00,,kill();collect()
0xdbf359e16d3a14d2a10751443b348fe991cc846e,8.589982918,2017-08-07 23:02:36+00:00,,kill();collect()
0x5be0cd1f5939056e725c9315c3c22b936031590f,8.587,2017-08-07 23:16:05+00:00,,kill();collect()
0x0a7cacea7d6aa5fd79b2d1d9a7ca1711a73f245e,8.54,2017-08-08 00:11:17+00:00,,kill();collect()
0x9af3f847233d6ab0e32d8b408df6fad1d9f13be4,8.530435,2017-08-07 20:46:21+00:00,,kill();collect()
0x508eb95e76f78aebca13b0b44ef94b2cbfdefe80,8.501534891,2017-08-07 20:53:05+00:00,,kill();collect()
0xfa47677d91444e1e4afaa6fe8cd23f8675589379,8.5,2017-08-07 22:52:19+00:00,,kill();collect()
0x28c1a2507b21cfc3a4f6d3738b45c81cb64904a0,8.44,2017-08-18 08:00:48+00:00,,kill();collect()
0x36c4fe4f4cfadb5848d2cf5bf3761461b5cc9e74,8.437065586,2017-08-07 19:17:47+00:00,,kill();collect()
0xb25bc3300217ec9510c7ee97ad25f173ccef09b1,8.389,2017-08-19 17:58:49+00:00,,kill();collect()
0x434c9f0ed54339743f8206b588728b32bd042e2e,8.373213769,2017-08-07 22:31:17+00:00,,kill();collect()
0x0855a49200bc0eb7ac0c2e47633dc6a6816285c8,8.3156,2017-08-18 07:50:27+00:00,,kill();collect()
0x4149093fe156562114b91cd575c64b2d8f0fc03a,8.23431605,2017-08-07 22:41:51+00:00,,kill();collect()
0xd29ed547ca83b5d9ec7332761b2ebf79701275ac,8.206765578,2017-08-07 23:21:26+00:00,,kill();collect()
0xe1256e128ff226b4c7a09992f8dc390211476716,8.18,2017-08-18 08:03:34+00:00,,kill();collect()
0xefd57dec2ba9883307cb13db7aeceed4c5c20ea1,8.17649891,2017-08-07 23:06:53+00:00,,kill();collect()
0xe78e837ed2d754d5d4c6e30ff75a9309a98b727a,8.16,2017-08-18 08:11:26+00:00,,kill();collect()
0xfcd89bce2044e080b01530bf2effca4b8f7cc445,8.15546,2017-08-07 23:29:14+00:00,,kill();collect()
0x209d413c6018e78edd1e669901b98928c431fd9e,8.153601815,2017-08-07 19:50:07+00:00,,kill();collect()
0xca946658600454ce3f81908d3825451bd211eb2b,8.1265575,2017-08-08 00:37:32+00:00,,kill();collect()
0x4bb75ba1fe3faef6cc126b3857e512bdcd71f4b1,8.1,2017-08-18 08:04:18+00:00,,kill();collect()
0x34a0dabdc708b5a1aca615d03bc7854e843c1ce4,8.1,2017-08-07 19:27:14+00:00,,kill();collect()
0x4de35bd6b5f58f736c9ff24d1d9c61f217890346,8.08210174,2017-07-25 21:32:39+00:00,,kill();collect()
0x04c823399b17fd0c9f3d48272a456b4c8db2ee15,8.036,2017-08-07 20:25:30+00:00,,kill();collect()
0xd47dbabf7a9ed351d3eebddb8217cd628c0fb62f,8.03051904,2017-08-07 23:26:40+00:00,,kill();collect()
0xdae7d82370928b08f7bce7fc55088a41a6e8559a,8.0,2017-08-07 22:06:06+00:00,,kill();collect()
0x429e434f0de48b2a75b7147105582d61bb4ea8ec,8.0,2015-10-20 13:02:46+00:00,,kill()
0x2e914b7bf3de95d258311a2455b8325b6bf37f15,7.995000008,2017-08-18 08:14:13+00:00,,kill();collect()
0x104e9c6290948730adedb1aca68b93b7b4acdfa4,7.993891608,2017-08-18 08:33:45+00:00,,kill();collect()
0x83951605bb21ef6f37e770c8acd820148f2dc338,7.988,2017-08-19 17:49:48+00:00,,kill();collect()
0xc4626ed0bcdd3abad67997e17c1fb949682d1e38,7.97238,2017-08-18 08:11:26+00:00,,kill();collect()
0xd6bb4d102ac7061b6fd1e3261c4d9680ce767415,7.9701,2017-08-07 20:01:27+00:00,,kill();collect()
0xe33bb0f21ccffa41fa70667d6018c8ca6c84bda7,7.96999,2017-08-07 22:13:48+00:00,,kill();collect()
0xe7b8afef301fcd6d683de8226f6d98f3bd40bbd3,7.9487,2017-08-18 08:08:45+00:00,,kill();collect()
0x8eab4255ed8ab70e42ceea9d124b4645c8cf12ed,7.904,2017-08-07 20:41:56+00:00,,kill();collect()
0xda1055389e2861ee53fdb74ac7c4d4a0d4ef41df,7.88637841,2017-08-18 08:17:28+00:00,,kill();collect()
0xd9ff299195157167536f6e68798763f42510a61f,7.82559688,2017-08-07 21:59:09+00:00,,kill();collect()
0x53f0e6d0a9294202c1db7dd9d74c321a5e66fb1b,7.814843889,2017-08-07 22:31:38+00:00,,kill();collect()
0x869e28c27dd4ea6dc54cdff5df75c95272cf3831,7.814470261,2017-08-07 20:11:42+00:00,,kill();collect()
0xb42c30ae909d80880f7ff1375238b67c2365b3dc,7.795825475,2017-08-07 22:18:11+00:00,,kill();collect()
0x197328ca2e2b9c5f5dd4d815c495a4d7bc32a433,7.784201812,2017-08-08 00:26:09+00:00,,kill();collect()
0xcf690019ae3a7037aa73965cff4acc19f14d402a,7.7357,2017-08-07 22:49:16+00:00,,kill();collect()
0xa01e73e29fe1db79220a50bb13a8b89def2ea974,7.73106803,2017-08-18 07:39:19+00:00,,kill();collect()
0x8048108e49e511a054e9447241f2257867411f3a,7.6981,2017-08-18 08:39:41+00:00,,kill();collect()
0xabde4932f3a6c6aaa715c63a6a83aa4187be07f0,7.6881,2017-08-18 07:52:02+00:00,,kill();collect()
0x258e41d4416dab5e1faa429f0eff7eecf411c62f,7.68013658,2017-08-07 20:04:50+00:00,,kill();collect()
0xb0cb57d2b68b7025c01f6dab271ff01c88dada88,7.659000008,2017-08-07 21:00:27+00:00,,kill();collect()
0xb9c80593a2718b8e2d00d5728f996214cc2cec09,7.588,2017-07-25 22:01:29+00:00,,kill();collect()
0x8726fdf6468a5057f3962f97f532e2219fdbee2c,7.5792,2017-08-07 22:40:04+00:00,,kill();collect()
0x14e3ce7235c44f5ac3b8c09b202dd602ef04d39e,7.52,2017-08-07 20:00:36+00:00,,kill();collect()
0x614b9658db04fe9768c9fbbe39476549c0e87afa,7.5,2017-08-18 08:35:18+00:00,,kill();collect()
0x8a85a6bed521164264ee04e951ac6b6afd0fe9b5,7.5,2017-08-07 20:00:49+00:00,,kill();collect()
0xa7f8ab44c8ccd2d27bda27f0adcbb72521705ef5,7.5,2017-08-07 20:01:27+00:00,,kill();collect()
0xa7a4337dd5cef59dea2787097b6f00a5fb419bdf,7.5,2017-08-07 22:39:14+00:00,,kill();collect()
0xdd3e11bfa6437510258d8b53277313c2add6128f,7.5,2017-08-07 20:00:36+00:00,,kill();collect()
0x67121d791b1b15156aa796971111e94cc4ba87b8,7.4896,2017-08-18 08:22:36+00:00,,kill();collect()
0xc5ab4f60516e01a9f835247a60275a1206e802b4,7.4822856,2017-08-08 00:04:17+00:00,,kill();collect()
0x139e09ff877f4b9628c9e8af8e307257571a1d1d,7.432307388,2017-08-07 20:25:38+00:00,,kill();collect()
0x1ed3abb5532140b6e227a76545e807b588348ac8,7.4,2017-08-18 08:11:20+00:00,,kill();collect()
0xcac32e7333427bab97c84e816e9f66c56886f696,7.37968307,2017-08-07 19:52:17+00:00,,kill();collect()
0xc9f43ac7d4a817dd2e2c7fddda16a11fdec20e4e,7.326387146,2017-08-07 19:53:09+00:00,,kill();collect()
0x69a00c15505417b5452af30693dd6b94c8996c4b,7.312817208,2017-08-07 23:23:43+00:00,,kill();collect()
0x36c6766856e58c5ff081499d56267e7376ba0a41,7.240125,2017-08-18 08:55:25+00:00,,kill();collect()
0xe406b1d6ce772a7891dda6a9ce4d041478655ca2,7.23608,2017-08-07 21:03:53+00:00,,kill();collect()
0xd1e9a60f8e67ab7ea7a28f8b383fda4fc44816d4,7.2,2017-07-25 21:07:46+00:00,,kill();collect()
0xdd51738746ff684694ce08f4f02477ddfb446fc5,7.18958454,2017-08-07 19:35:49+00:00,,kill();collect()
0x0c4cfb179f0094819a1f89f18443504a67cac7db,7.160000008,2017-08-07 22:41:51+00:00,,kill();collect()
0x6eeeb4dbeb133a48fa3fbf8a674d6d9e4f87f3bc,7.13917668,2017-07-25 22:16:00+00:00,,kill();collect()
0xded7912360cd8b9da23810f0735467c206163f69,7.1271555,2017-08-07 19:23:09+00:00,,kill();collect()
0xa9db4d884a5904b5735aa8438f6acafb0554731f,7.113283288,2017-08-07 19:40:31+00:00,,kill();collect()
0xdc920f7a8331310411c861c34aa25284826261d3,7.11227884,2017-08-07 20:38:18+00:00,,kill();collect()
0xac62e0772e6e4257cf9b06dc5ed004de8d974b97,7.060234837,2017-08-07 18:59:00+00:00,,kill();collect()
0xa6c76f50e40294bc6f044cfce688832ae8dbbc19,7.018843405,2017-08-07 19:15:56+00:00,,kill();collect()
0xe5ab7ad686c06d771efcdd1df2d47606fa3d7bce,7.015577861,2017-08-07 19:42:36+00:00,,kill();collect()
0x3cb7730fa7240316bd61fdf244445bf35126e286,7.01,2017-08-18 08:28:26+00:00,,kill();collect()
0x0d9a725d73b7c4e0efbd54ea084b90573a208395,7.0,2017-07-25 22:20:01+00:00,,kill();collect()
0xf4ae8d36b450928e98f98c2c4a532a2dabee7e7b,6.995,2017-08-08 00:42:30+00:00,,kill();collect()
0xf3290eff985ca53d4335af2c3146c5699849a9f2,6.995,2017-07-25 22:11:04+00:00,,kill();collect()
0xb568e53ac9a5220b2440a0a47fa31d56a2540df4,6.985,2017-07-25 21:57:16+00:00,,kill();collect()
0x2854807ffef1c7b0311355f55b692f5e74d2d6ce,6.977176585,2017-08-07 20:24:20+00:00,,kill();collect()
0x95dd947344be5d8a8216ff43c15708c194c842f6,6.973903324,2017-08-07 19:38:19+00:00,,kill();collect()
0xefced04cbf91af841643f2c931952332da6a2666,6.9688,2017-08-07 20:29:23+00:00,,kill();collect()
0x809554651c26de1dad11b9121a7eefc1fed34496,6.95,2017-08-18 08:13:06+00:00,,kill();collect()
0x2433d86841eae4d2c3433c53a682a999c97dfc93,6.938163798,2017-08-07 19:29:51+00:00,,kill();collect()
0xa7bd4bf561a59dcaa3a796b2247b32c17c510534,6.922261068,2017-07-25 21:11:55+00:00,,kill();collect()
0x734524476290c05b6465bb51f5d2154753181f62,6.9004,2017-08-18 07:48:54+00:00,,kill();collect()
0xc957171d0edaa10a3ecc76c18c326abc6f16b1e8,6.8912,2017-07-25 22:12:24+00:00,,kill();collect()
0xb92133cb7add8d90dd95b15ba8bd247188910047,6.88367825,2017-07-25 21:44:44+00:00,,kill();collect()
0x0b0665a694f1c27e993e0bdcce6a0922e3eda0a4,6.8322,2017-08-07 22:25:42+00:00,,kill();collect()
0x3e529c7bbcb2e2728ad3025862b29a23957ec331,6.817041864,2017-08-07 19:14:32+00:00,,kill();collect()
0xc9cf505178be8f5fad74c13efb34471862179ac5,6.811969,2017-08-18 07:41:12+00:00,,kill();collect()
0x2fd30c867ab626f01ad79a929ce22fc2e3be63a3,6.810977531,2017-08-07 23:33:18+00:00,,kill();collect()
0xffb1f125a76cb47f583c4aed0f846a8a1ee1e2f4,6.8,2017-08-07 20:04:21+00:00,,kill();collect()
0x61fca73715b00dda5501507d154c33289090dfd7,6.7921322,2017-07-25 22:20:01+00:00,,kill();collect()
0x743c0062bb718269ec4530a587c9f228ea83b7ce,6.780782,2017-08-18 07:41:12+00:00,,kill();collect()
0x79fcc58c904afbb14c772f48e6d058fa744d113a,6.771368293,2017-08-07 20:44:57+00:00,,kill();collect()
0xa468cd62731ad867fb1401587468c199720f4403,6.73709338,2017-08-07 20:06:54+00:00,,kill();collect()
0x588ae917c3af3f93aeeec94cc7aa15efa8894a78,6.686000664,2017-08-07 22:57:10+00:00,,kill();collect()
0x9851c07d0c178cde73abe05e37f81ba8bd41f3a4,6.644035738,2017-08-07 20:25:30+00:00,,kill();collect()
0x3381edcf084c59837d6ef7e2a6af8c29420a9023,6.6051,2017-08-07 20:03:38+00:00,,kill();collect()
0x83d385ec1f41b267a27cd8c3032d181d34ac1a5f,6.5976,2017-07-25 21:22:08+00:00,,kill();collect()
0xb1ec985cd5d4f25d713b953859f425ccaaca9e6b,6.563191088,2017-08-07 23:12:40+00:00,,kill();collect()
0xdca40538435f6baacc3652904d608566db96ef1a,6.56,2017-08-19 17:53:02+00:00,,kill();collect()
0x720b3ecabc6c05de14a460cf26f890bd0723a4fc,6.538834283,2017-07-25 21:18:48+00:00,,kill();collect()
0xb596ee0396ee8b2f20f9e102cadbf68b10332e12,6.5,2017-08-19 18:10:46+00:00,,kill();collect()
0x33920261bde5200ce34d4a184e2378e4f09f056c,6.48,2017-07-25 22:04:16+00:00,,kill();collect()
0xce5b043eb57d68c104246eb4e7b7b9d43474dc23,6.4686524,2017-08-07 23:16:05+00:00,,kill();collect()
0x6f7c330e544504f628524b636531c896004c5583,6.46536896,2017-08-18 08:01:08+00:00,,kill();collect()
0x88f94705af193ea0b1571ea3856eaef744aed497,6.4495,2017-08-19 18:04:26+00:00,,kill();collect()
0xc3e853dd42e53d2868f2572bd2a914efe79d7d64,6.396818359,2017-08-07 19:53:09+00:00,,kill();collect()
0xe9ea63892a272a93ab4ce831d749ac8d7460849b,6.38896844,2017-08-07 19:47:13+00:00,,kill();collect()
0x347a91cf1f5acb587149302eeb9c6924f9b503f1,6.382057805,2017-03-05 14:56:15+00:00,,kill();collect()
0xe9d9bf2b3936aba008c36f6bb6620648ba61dbb0,6.3445138,2017-08-07 20:39:03+00:00,,kill();collect()
0x7481ac1406c0efab8c37cceb8c556d6b343fb8f0,6.332363008,2017-08-07 20:46:21+00:00,,kill();collect()
0x3c70ed0a0f75dde33244e5d77a6a70144d95bb73,6.321743583,2017-07-25 21:24:21+00:00,,kill();collect()
0xca37844709a0df3b0baf98798738c90008f492d3,6.305,2017-07-25 21:41:28+00:00,,kill();collect()
0x0dff46b0d3439f2098274fcf50cb210cf5bf4828,6.303420008,2017-08-07 21:31:38+00:00,,kill();collect()
